PRAGMA foreign_keys=OFF;
BEGIN TRANSACTION;
CREATE TABLE IF NOT EXISTS "django_migrations" ("id" integer NOT NULL PRIMARY KEY AUTOINCREMENT, "app" varchar(255) NOT NULL, "name" varchar(255) NOT NULL, "applied" datetime NOT NULL);
INSERT INTO django_migrations VALUES(1,'contenttypes','0001_initial','2024-08-29 15:55:21.955236');
INSERT INTO django_migrations VALUES(2,'auth','0001_initial','2024-08-29 15:55:21.981114');
INSERT INTO django_migrations VALUES(3,'admin','0001_initial','2024-08-29 15:55:21.991104');
INSERT INTO django_migrations VALUES(4,'admin','0002_logentry_remove_auto_add','2024-08-29 15:55:22.002198');
INSERT INTO django_migrations VALUES(5,'admin','0003_logentry_add_action_flag_choices','2024-08-29 15:55:22.013426');
INSERT INTO django_migrations VALUES(6,'contenttypes','0002_remove_content_type_name','2024-08-29 15:55:22.032282');
INSERT INTO django_migrations VALUES(7,'auth','0002_alter_permission_name_max_length','2024-08-29 15:55:22.045294');
INSERT INTO django_migrations VALUES(8,'auth','0003_alter_user_email_max_length','2024-08-29 15:55:22.055858');
INSERT INTO django_migrations VALUES(9,'auth','0004_alter_user_username_opts','2024-08-29 15:55:22.066851');
INSERT INTO django_migrations VALUES(10,'auth','0005_alter_user_last_login_null','2024-08-29 15:55:22.079752');
INSERT INTO django_migrations VALUES(11,'auth','0006_require_contenttypes_0002','2024-08-29 15:55:22.081552');
INSERT INTO django_migrations VALUES(12,'auth','0007_alter_validators_add_error_messages','2024-08-29 15:55:22.089636');
INSERT INTO django_migrations VALUES(13,'auth','0008_alter_user_username_max_length','2024-08-29 15:55:22.103093');
INSERT INTO django_migrations VALUES(14,'auth','0009_alter_user_last_name_max_length','2024-08-29 15:55:22.115565');
INSERT INTO django_migrations VALUES(15,'auth','0010_alter_group_name_max_length','2024-08-29 15:55:22.126686');
INSERT INTO django_migrations VALUES(16,'auth','0011_update_proxy_permissions','2024-08-29 15:55:22.136186');
INSERT INTO django_migrations VALUES(17,'auth','0012_alter_user_first_name_max_length','2024-08-29 15:55:22.147119');
INSERT INTO django_migrations VALUES(18,'authtoken','0001_initial','2024-08-29 15:55:22.159443');
INSERT INTO django_migrations VALUES(19,'authtoken','0002_auto_20160226_1747','2024-08-29 15:55:22.186839');
INSERT INTO django_migrations VALUES(20,'authtoken','0003_tokenproxy','2024-08-29 15:55:22.189203');
INSERT INTO django_migrations VALUES(21,'authtoken','0004_alter_tokenproxy_options','2024-08-29 15:55:22.195226');
INSERT INTO django_migrations VALUES(22,'core','0001_initial','2024-08-29 15:55:22.219134');
INSERT INTO django_migrations VALUES(23,'sessions','0001_initial','2024-08-29 15:55:22.223872');
CREATE TABLE IF NOT EXISTS "auth_group_permissions" ("id" integer NOT NULL PRIMARY KEY AUTOINCREMENT, "group_id" integer NOT NULL REFERENCES "auth_group" ("id") DEFERRABLE INITIALLY DEFERRED, "permission_id" integer NOT NULL REFERENCES "auth_permission" ("id") DEFERRABLE INITIALLY DEFERRED);
CREATE TABLE IF NOT EXISTS "auth_user_groups" ("id" integer NOT NULL PRIMARY KEY AUTOINCREMENT, "user_id" integer NOT NULL REFERENCES "auth_user" ("id") DEFERRABLE INITIALLY DEFERRED, "group_id" integer NOT NULL REFERENCES "auth_group" ("id") DEFERRABLE INITIALLY DEFERRED);
CREATE TABLE IF NOT EXISTS "auth_user_user_permissions" ("id" integer NOT NULL PRIMARY KEY AUTOINCREMENT, "user_id" integer NOT NULL REFERENCES "auth_user" ("id") DEFERRABLE INITIALLY DEFERRED, "permission_id" integer NOT NULL REFERENCES "auth_permission" ("id") DEFERRABLE INITIALLY DEFERRED);
CREATE TABLE IF NOT EXISTS "django_admin_log" ("id" integer NOT NULL PRIMARY KEY AUTOINCREMENT, "object_id" text NULL, "object_repr" varchar(200) NOT NULL, "action_flag" smallint unsigned NOT NULL CHECK ("action_flag" >= 0), "change_message" text NOT NULL, "content_type_id" integer NULL REFERENCES "django_content_type" ("id") DEFERRABLE INITIALLY DEFERRED, "user_id" integer NOT NULL REFERENCES "auth_user" ("id") DEFERRABLE INITIALLY DEFERRED, "action_time" datetime NOT NULL);
INSERT INTO django_admin_log VALUES(1,'12','Thread object (12)',2,'[{"deleted": {"name": "message", "object": "Message object (None)"}}]',7,1,'2024-08-30 12:27:17.863764');
CREATE TABLE IF NOT EXISTS "django_content_type" ("id" integer NOT NULL PRIMARY KEY AUTOINCREMENT, "app_label" varchar(100) NOT NULL, "model" varchar(100) NOT NULL);
INSERT INTO django_content_type VALUES(1,'admin','logentry');
INSERT INTO django_content_type VALUES(2,'auth','permission');
INSERT INTO django_content_type VALUES(3,'auth','group');
INSERT INTO django_content_type VALUES(4,'auth','user');
INSERT INTO django_content_type VALUES(5,'contenttypes','contenttype');
INSERT INTO django_content_type VALUES(6,'sessions','session');
INSERT INTO django_content_type VALUES(7,'core','thread');
INSERT INTO django_content_type VALUES(8,'core','message');
INSERT INTO django_content_type VALUES(9,'authtoken','token');
INSERT INTO django_content_type VALUES(10,'authtoken','tokenproxy');
CREATE TABLE IF NOT EXISTS "auth_permission" ("id" integer NOT NULL PRIMARY KEY AUTOINCREMENT, "content_type_id" integer NOT NULL REFERENCES "django_content_type" ("id") DEFERRABLE INITIALLY DEFERRED, "codename" varchar(100) NOT NULL, "name" varchar(255) NOT NULL);
INSERT INTO auth_permission VALUES(1,1,'add_logentry','Can add log entry');
INSERT INTO auth_permission VALUES(2,1,'change_logentry','Can change log entry');
INSERT INTO auth_permission VALUES(3,1,'delete_logentry','Can delete log entry');
INSERT INTO auth_permission VALUES(4,1,'view_logentry','Can view log entry');
INSERT INTO auth_permission VALUES(5,2,'add_permission','Can add permission');
INSERT INTO auth_permission VALUES(6,2,'change_permission','Can change permission');
INSERT INTO auth_permission VALUES(7,2,'delete_permission','Can delete permission');
INSERT INTO auth_permission VALUES(8,2,'view_permission','Can view permission');
INSERT INTO auth_permission VALUES(9,3,'add_group','Can add group');
INSERT INTO auth_permission VALUES(10,3,'change_group','Can change group');
INSERT INTO auth_permission VALUES(11,3,'delete_group','Can delete group');
INSERT INTO auth_permission VALUES(12,3,'view_group','Can view group');
INSERT INTO auth_permission VALUES(13,4,'add_user','Can add user');
INSERT INTO auth_permission VALUES(14,4,'change_user','Can change user');
INSERT INTO auth_permission VALUES(15,4,'delete_user','Can delete user');
INSERT INTO auth_permission VALUES(16,4,'view_user','Can view user');
INSERT INTO auth_permission VALUES(17,5,'add_contenttype','Can add content type');
INSERT INTO auth_permission VALUES(18,5,'change_contenttype','Can change content type');
INSERT INTO auth_permission VALUES(19,5,'delete_contenttype','Can delete content type');
INSERT INTO auth_permission VALUES(20,5,'view_contenttype','Can view content type');
INSERT INTO auth_permission VALUES(21,6,'add_session','Can add session');
INSERT INTO auth_permission VALUES(22,6,'change_session','Can change session');
INSERT INTO auth_permission VALUES(23,6,'delete_session','Can delete session');
INSERT INTO auth_permission VALUES(24,6,'view_session','Can view session');
INSERT INTO auth_permission VALUES(25,7,'add_thread','Can add thread');
INSERT INTO auth_permission VALUES(26,7,'change_thread','Can change thread');
INSERT INTO auth_permission VALUES(27,7,'delete_thread','Can delete thread');
INSERT INTO auth_permission VALUES(28,7,'view_thread','Can view thread');
INSERT INTO auth_permission VALUES(29,8,'add_message','Can add message');
INSERT INTO auth_permission VALUES(30,8,'change_message','Can change message');
INSERT INTO auth_permission VALUES(31,8,'delete_message','Can delete message');
INSERT INTO auth_permission VALUES(32,8,'view_message','Can view message');
INSERT INTO auth_permission VALUES(33,9,'add_token','Can add Token');
INSERT INTO auth_permission VALUES(34,9,'change_token','Can change Token');
INSERT INTO auth_permission VALUES(35,9,'delete_token','Can delete Token');
INSERT INTO auth_permission VALUES(36,9,'view_token','Can view Token');
INSERT INTO auth_permission VALUES(37,10,'add_tokenproxy','Can add Token');
INSERT INTO auth_permission VALUES(38,10,'change_tokenproxy','Can change Token');
INSERT INTO auth_permission VALUES(39,10,'delete_tokenproxy','Can delete Token');
INSERT INTO auth_permission VALUES(40,10,'view_tokenproxy','Can view Token');
CREATE TABLE IF NOT EXISTS "auth_group" ("id" integer NOT NULL PRIMARY KEY AUTOINCREMENT, "name" varchar(150) NOT NULL UNIQUE);
CREATE TABLE IF NOT EXISTS "auth_user" ("id" integer NOT NULL PRIMARY KEY AUTOINCREMENT, "password" varchar(128) NOT NULL, "last_login" datetime NULL, "is_superuser" bool NOT NULL, "username" varchar(150) NOT NULL UNIQUE, "last_name" varchar(150) NOT NULL, "email" varchar(254) NOT NULL, "is_staff" bool NOT NULL, "is_active" bool NOT NULL, "date_joined" datetime NOT NULL, "first_name" varchar(150) NOT NULL);
INSERT INTO auth_user VALUES(1,'pbkdf2_sha256$870000$3zRiT2z1pzjbG720MqZw6B$oFak81VPWcOKrvjl32A1yAaKzQQaPhFrEfZYU26PRaY=','2024-08-30 12:18:29.676648',1,'olha','','admin@admin.com',1,1,'2024-08-29 16:05:48.261478','');
INSERT INTO auth_user VALUES(2,'pbkdf2_sha256$870000$cvZgSIuwNXx6U0VwvHRN1i$C0oZE/z8whjEKFP0TXpMUleSco5v3w5bj2Ygp2obLVg=',NULL,0,'user1@example.com','','',1,1,'2024-08-29 16:07:36.114216','');
INSERT INTO auth_user VALUES(3,'pbkdf2_sha256$870000$OhSrRfHM3m1yagi8jlogvr$TFiJOKuElIqEyq5UrB1+szLl4uTNohjBp8XD8ykukqw=',NULL,0,'user2@example.com','','',1,1,'2024-08-29 21:30:35.573773','');
INSERT INTO auth_user VALUES(4,'pbkdf2_sha256$870000$OOALAmrty5Ke7qsjucaphX$CQdVbM9StE7w3aNInNncJYz0egvjUgaKLqkpkH+0Lxw=',NULL,0,'user4@example.com','','',0,1,'2024-08-30 13:33:36.446090','');
INSERT INTO auth_user VALUES(5,'pbkdf2_sha256$870000$OCZBXEIMC4sqDktdymSRQk$VZaoKnuIZtva4nq6g4W8g+aQBETMc1K0aygWTKi7QXs=',NULL,0,'user5@example.com','','',0,1,'2024-08-30 13:33:59.782640','');
CREATE TABLE IF NOT EXISTS "authtoken_token" ("key" varchar(40) NOT NULL PRIMARY KEY, "created" datetime NOT NULL, "user_id" integer NOT NULL UNIQUE REFERENCES "auth_user" ("id") DEFERRABLE INITIALLY DEFERRED);
INSERT INTO authtoken_token VALUES('712061ea0790daec0dfc69d63ae957e57a05e3a3','2024-08-29 16:08:07.649653',2);
INSERT INTO authtoken_token VALUES('761eda0f22c5f8fd1c8c3ee1f3fd5e6c2b094fba','2024-08-30 11:30:45.492040',3);
INSERT INTO authtoken_token VALUES('d4f81e14602bc591154229ce041c433167fd42ef','2024-08-30 13:34:33.595494',5);
CREATE TABLE IF NOT EXISTS "core_thread" ("id" integer NOT NULL PRIMARY KEY AUTOINCREMENT, "created_at" datetime NOT NULL, "updated_at" datetime NOT NULL);
INSERT INTO core_thread VALUES(12,'2024-08-30 11:29:46.791135','2024-08-30 12:27:17.859353');
INSERT INTO core_thread VALUES(13,'2024-08-30 13:35:03.264564','2024-08-30 13:35:03.264635');
CREATE TABLE IF NOT EXISTS "core_thread_participants" ("id" integer NOT NULL PRIMARY KEY AUTOINCREMENT, "thread_id" bigint NOT NULL REFERENCES "core_thread" ("id") DEFERRABLE INITIALLY DEFERRED, "user_id" integer NOT NULL REFERENCES "auth_user" ("id") DEFERRABLE INITIALLY DEFERRED);
INSERT INTO core_thread_participants VALUES(23,12,2);
INSERT INTO core_thread_participants VALUES(24,12,3);
INSERT INTO core_thread_participants VALUES(25,13,3);
INSERT INTO core_thread_participants VALUES(26,13,5);
CREATE TABLE IF NOT EXISTS "core_message" ("id" integer NOT NULL PRIMARY KEY AUTOINCREMENT, "created_at" datetime NOT NULL, "text" text NOT NULL, "is_read" bool NOT NULL, "sender_id" integer NOT NULL REFERENCES "auth_user" ("id") DEFERRABLE INITIALLY DEFERRED, "thread_id" bigint NOT NULL REFERENCES "core_thread" ("id") DEFERRABLE INITIALLY DEFERRED);
INSERT INTO core_message VALUES(11,'2024-08-30 11:29:55.338537','hi',1,2,12);
INSERT INTO core_message VALUES(12,'2024-08-30 11:30:25.596709','how are you',1,2,12);
INSERT INTO core_message VALUES(13,'2024-08-30 11:33:51.530113','Hi!!!',0,3,12);
INSERT INTO core_message VALUES(15,'2024-08-30 13:35:40.047546','Hi, there!',1,5,13);
INSERT INTO core_message VALUES(16,'2024-08-30 13:39:33.390558','Hello! nice to meet you!',0,3,13);
CREATE TABLE IF NOT EXISTS "django_session" ("session_key" varchar(40) NOT NULL PRIMARY KEY, "session_data" text NOT NULL, "expire_date" datetime NOT NULL);
INSERT INTO django_session VALUES('weczmo1xppzk1shhlltg0pek7g37bwe9','.eJxVjDsOwjAQBe_iGln-xD9Kes5grddrHEC2FCcV4u4QKQW0b2bei0XY1hq3QUucMzszyU6_WwJ8UNtBvkO7dY69rcuc-K7wgw5-7Zmel8P9O6gw6rcGaUH6JILzoJNGMekQirHaknQyo0rBE5aijJEqG_J6IlHQKlegBIPs_QHTmTfd:1sk0aD:pQM7W_xoer_76bw4VqFoGuAoiAqmu7_JrL3GjN-Qd3s','2024-09-13 12:18:29.679216');
DELETE FROM sqlite_sequence;
INSERT INTO sqlite_sequence VALUES('django_migrations',23);
INSERT INTO sqlite_sequence VALUES('django_admin_log',1);
INSERT INTO sqlite_sequence VALUES('django_content_type',10);
INSERT INTO sqlite_sequence VALUES('auth_permission',40);
INSERT INTO sqlite_sequence VALUES('auth_group',0);
INSERT INTO sqlite_sequence VALUES('auth_user',5);
INSERT INTO sqlite_sequence VALUES('core_thread',13);
INSERT INTO sqlite_sequence VALUES('core_thread_participants',26);
INSERT INTO sqlite_sequence VALUES('core_message',16);
CREATE UNIQUE INDEX "auth_group_permissions_group_id_permission_id_0cd325b0_uniq" ON "auth_group_permissions" ("group_id", "permission_id");
CREATE INDEX "auth_group_permissions_group_id_b120cbf9" ON "auth_group_permissions" ("group_id");
CREATE INDEX "auth_group_permissions_permission_id_84c5c92e" ON "auth_group_permissions" ("permission_id");
CREATE UNIQUE INDEX "auth_user_groups_user_id_group_id_94350c0c_uniq" ON "auth_user_groups" ("user_id", "group_id");
CREATE INDEX "auth_user_groups_user_id_6a12ed8b" ON "auth_user_groups" ("user_id");
CREATE INDEX "auth_user_groups_group_id_97559544" ON "auth_user_groups" ("group_id");
CREATE UNIQUE INDEX "auth_user_user_permissions_user_id_permission_id_14a6b632_uniq" ON "auth_user_user_permissions" ("user_id", "permission_id");
CREATE INDEX "auth_user_user_permissions_user_id_a95ead1b" ON "auth_user_user_permissions" ("user_id");
CREATE INDEX "auth_user_user_permissions_permission_id_1fbb5f2c" ON "auth_user_user_permissions" ("permission_id");
CREATE INDEX "django_admin_log_content_type_id_c4bce8eb" ON "django_admin_log" ("content_type_id");
CREATE INDEX "django_admin_log_user_id_c564eba6" ON "django_admin_log" ("user_id");
CREATE UNIQUE INDEX "django_content_type_app_label_model_76bd3d3b_uniq" ON "django_content_type" ("app_label", "model");
CREATE UNIQUE INDEX "auth_permission_content_type_id_codename_01ab375a_uniq" ON "auth_permission" ("content_type_id", "codename");
CREATE INDEX "auth_permission_content_type_id_2f476e4b" ON "auth_permission" ("content_type_id");
CREATE UNIQUE INDEX "core_thread_participants_thread_id_user_id_983e9bf9_uniq" ON "core_thread_participants" ("thread_id", "user_id");
CREATE INDEX "core_thread_participants_thread_id_d5ef5c91" ON "core_thread_participants" ("thread_id");
CREATE INDEX "core_thread_participants_user_id_8f78cadd" ON "core_thread_participants" ("user_id");
CREATE INDEX "core_message_sender_id_0ecf4560" ON "core_message" ("sender_id");
CREATE INDEX "core_message_thread_id_1e8c71fb" ON "core_message" ("thread_id");
CREATE INDEX "django_session_expire_date_a5c62663" ON "django_session" ("expire_date");
COMMIT;
